"id","comp","name"
"1","A1","B1"
"2","A2","B2"
"3","A3","B3"
"4","A4","B4"
"5","A5","B5"
"6","A6","B6"
"7","A7","B7"
"8","A8","B8"
"9","A9","B9"
"10","A10","B10"
"11","A11","B11"
"12","A12","B12"
"13","A13","B13"
"14","A14","B14"
"15","A15","B15"
"16","A16","B16"
"17","A17","B17"
"18","A18","B18"
"19","A19","B19"
"20","A20","B20"
"21","A21","B21"
"22","A22","B22"
"23","A23","B23"
"24","A24","B24"
"25","A25","B25"
"26","A26","B26"
"27","A27","B27"
"28","A28","B28"
"29","A29","B29"
"30","A30","B30"
"31","A31","B31"
"32","A32","B32"
"33","A33","B33"
"34","A34","B34"
"35","A35","B35"
"36","A36","B36"
"37","A37","B37"
"38","A38","B38"
"39","A39","B39"
"40","A40","B40"
"41","A41","B41"
"42","A42","B42"
"43","A43","B43"
"44","A44","B44"
"45","A45","B45"
"46","A46","B46"
"47","A47","B47"
"48","A48","B48"
"49","A49","B49"
"50","A50","B50"
"51","A51","B51"
"52","A52","B52"
"53","A53","B53"
"54","A54","B54"
"55","A55","B55"
"56","A56","B56"
"57","A57","B57"
"58","A58","B58"
"59","A59","B59"
"60","A60","B60"
"61","A61","B61"
"62","A62","B62"
"63","A63","B63"
"64","A64","B64"
"65","A65","B65"
"66","A66","B66"
"67","A67","B67"
"68","A68","B68"
"69","A69","B69"
"70","A70","B70"
"71","A71","B71"
"72","A72","B72"
"73","A73","B73"
"74","A74","B74"
"75","A75","B75"
"76","A76","B76"
"77","A77","B77"
"78","A78","B78"
"79","A79","B79"
"80","A80","B80"
"81","A81","B81"
"82","A82","B82"
"83","A83","B83"
"84","A84","B84"
"85","A85","B85"
"86","A86","B86"
"87","A87","B87"
"88","A88","B88"
"89","A89","B89"
"90","A90","B90"
"91","A91","B91"
"92","A92","B92"
"93","A93","B93"
"94","A94","B94"
"95","A95","B95"
"96","A96","B96"
"97","A97","B97"
"98","A98","B98"
"99","A99","B99"
"100","A100","B100"